{
  "addresses": {
    "Afghanistan": [
      "Seh Aqrab Road, Kabul, 1006, Afghanistan"
    ],
    "Albania": [
      "Benelux Liaison Office, Pallati 6/1/10, Rruga Skënderbej, 21 Dhjetori, Njësia Bashkiake Nr. 7, Njësia Bashkiake Nr. 10, Tirana, Tirana Municipality, Tirana County, Central Albania, 1000, Albania",
      "Optika Tirana, Pallati 44, Rruga Myslym Shyri, Çam Market, Njësia Bashkiake Nr. 10, Tirana, Tirana Municipality, Tirana County, Central Albania, 1001, Albania",
      "Atila Elektronik, 112, Rruga Myslym Shyri, 21 Dhjetori, Njësia Bashkiake Nr. 7, Tirana, Tirana Municipality, Tirana County, Central Albania, 1001, Albania",
      "Vila Kion, 150/1, Rruga 5 Maji, Farmacia 10, Njësia Bashkiake Nr. 4, Tirana, Tirana Municipality, Tirana County, Central Albania, 1012, Albania",
      "Wine Shop & Bar, 11, Rruga e Barrikadave, Qendra, Njësia Bashkiake Nr. 9, Tirana, Tirana Municipality, Tirana County, Central Albania, 1002, Albania",
      "Sophie, 18, Rruga e Barrikadave, Qendra, Njësia Bashkiake Nr. 9, Njësia Bashkiake Nr. 2, Tirana, Tirana Municipality, Tirana County, Central Albania, 1002, Albania",
      "Biss Club, 2, Rruga Andon Zako Çajupi, Ish Merkata, Tirana e Re, Njësia Bashkiake Nr. 5, Tirana, Tirana Municipality, Tirana County, Central Albania, 1019, Albania",
      "Golden City Hotel, 45/4, Rruga Himë Kolli, Çam Market, Njësia Bashkiake Nr. 10, Tirana, Tirana Municipality, Tirana County, Central Albania, 1001, Albania",
      "OTP Bank, 20, Rruga Myslym Shyri, 21 Dhjetori, Njësia Bashkiake Nr. 7, Njësia Bashkiake Nr. 10, Tirana, Tirana Municipality, Tirana County, Central Albania, 1019, Albania",
      "Land&co, 13, Rruga Kongresi i Tiranës, Brraka, Njësia Bashkiake Nr. 9, Tirana, Tirana Municipality, Tirana County, Central Albania, 1057, Albania",
      "Kafe LIVE kafe, 250/1, Rruga Mine Peza, Brraka, Njësia Bashkiake Nr. 9, Tirana, Tirana Municipality, Tirana County, Central Albania, 1016, Albania",
      "Botime Pegi, Pallati Filipeu 2, Rruga e Elbasanit, Qyteti Studenti, Njësia Bashkiake Nr. 2, Tirana, Tirana Municipality, Tirana County, Central Albania, 1001, Albania",
      "Partia Socialiste e Shqiperisë, 91, Sheshi Austria, Çam Market, Njësia Bashkiake Nr. 10, Tirana, Tirana Municipality, Tirana County, Central Albania, 1014, Albania",
      "Prestige Hotel, 1, Rruga Panorama, Brraka, Njësia Bashkiake Nr. 9, Tirana, Tirana Municipality, Tirana County, Central Albania, 1016, Albania",
      "Restorant Prestige, 6, Rruga Panorama, Brraka, Njësia Bashkiake Nr. 9, Tirana, Tirana Municipality, Tirana County, Central Albania, 1016, Albania"
    ],
    "Algeria": [
      "Vorax Technologies, 212 A2, Route Aîn Allah, Ain Allah, Dély Brahim, Chéraga District, Algiers, 16320, Algeria",
      "EL-KETTANI, 11, Bab Al Wadi, Bab El Oued District, Algiers, 16021, Algeria",
      "La villa d'Este, 12, Touati Saïd, Bulughin, Bab El Oued District, Algiers, 16650, Algeria",
      "Chez Madelaine, 12, Touati Saïd, Bulughin, Bab El Oued District, Algiers, 16650, Algeria",
      "CBI, Sarl fcbi 88, Rue n°12, Ain Soltane, Kouba, Hussein Dey District, Algiers, 16018, Algeria",
      "Puma, 23, Rue Larbi Ben M'Hidi, Emir Abdelkader, Algiers, Alger-Centre, Sidi M'Hamed District, Algiers, 16000, Algeria",
      "BNP Paribas El Djazaïr, 8, Cirta, Hydra City Center, Hydra, Bir Mourad Rais District, Algiers, 16035, Algeria",
      "Hydra حيدرة, 05, Hydra, Bir Mourad Rais District, Algiers, 16016, Algeria",
      "Maillot, 1, Boulevard Lounas Omar, 3 Horloges, Bab Al Wadi, Bab El Oued District, Algiers, 16131, Algeria",
      "BNP Paribas El Djazaïr, 3, طريق العناصر, Kouba, Hussein Dey District, Algiers, 16153, Algeria",
      "مكتب البريد الرئيس حميدو, 7, شارع بربروس, Sidi El Kebir, Rais Hamidou, Bab El Oued District, Algiers, 16029, Algeria",
      "Dzayn Corporation, 17, Rue Driouche Mohamed, Cité 617 logements, 617 apartment district, Draria, Draria District, Algiers, 16305, Algeria",
      "Cinema l'Afrique, 35, Rue Boukhalfa Khelifa, Meissonier, Agha, Sidi M'Hamed, Sidi M'Hamed District, Algiers, 16010, Algeria",
      "مكتبة العالم الثالث, 8, Place de l'Emir Abdelkader, Emir Abdelkader, Algiers, Alger-Centre, Sidi M'Hamed District, Algiers, 16007, Algeria",
      "Librairie Les Mots (Kalimat), 27, Boulevard Belhouchet Mouloud, Meissonier, Agha, Sidi M'Hamed, Sidi M'Hamed District, Algiers, 16010, Algeria"
    ],
    "Andorra": [
      "53, Avinguda de Tarragona, Andorra la Vella, AD500, Andorra",
      "15, Avinguda Doctor Mitjavila, Andorra la Vella, AD500, Andorra",
      "69, Avinguda Meritxell, Andorra la Vella, AD500, Andorra",
      "71, Avinguda Meritxell, Andorra la Vella, AD500, Andorra",
      "61, Avinguda Meritxell, Andorra la Vella, AD500, Andorra",
      "59, Avinguda Meritxell, Andorra la Vella, AD500, Andorra",
      "88, Avinguda Meritxell, Andorra la Vella, AD500, Andorra",
      "51, Carrer Pau Casals, Andorra la Vella, AD500, Andorra",
      "94, Avinguda Meritxell, Andorra la Vella, AD500, Andorra",
      "22, Carrer de la Geneta, Juberri, AD600, Andorra",
      "87, Avinguda del Princep Benlloch, Andorra la Vella, AD500, Andorra",
      "30, Avinguda del Princep Benlloch, Andorra la Vella, AD500, Andorra",
      "Residential de l'Aldosa, L’Aldosa, AD400, Andorra",
      "BonÀrea, Andorra la Vella, AD500, Andorra",
      "Oficina de Turisme, Encamp, AD200, Andorra"
    ]
  },
  "generated_at": "2025-11-25 20:17:15",
  "total_countries": 196,
  "cached_countries": 4,
  "failed_countries": [
    "Afghanistan",
    "Afghanistan",
    "Afghanistan"
  ]
}